{
    "category": "Live TV",
    "changelog": "changelog\n",
    "description": "Live TV Channels in Jellyfin from your own library allowing direct play\n",
    "guid": "84978100-fe55-454e-b566-44b7f4e8a400",
    "imageUrl": "https://raw.githubusercontent.com/scotech/jellyfin-plugin-channelz/refs/heads/master/images/icon.png",
    "name": "Channelz",
    "overview": "Live TV using your own libraries",
    "owner": "scotech",
    "targetAbi": "10.11.4.0",
    "timestamp": "2025-12-15T05:09:49Z",
    "version": "1.0.2.0"
}